<?xml version="1.0" encoding="UTF-8"?>
<con:soapui-project id="d0ca61d1-94b5-48b3-913f-2b54fe81d128" activeEnvironment="Default" name="ExchangeProject" soapui-version="5.6.0" abortOnError="false" runType="SEQUENTIAL" resourceRoot="${projectDir}" xmlns:con="http://eviware.com/soapui/config"><con:settings/><con:interface xsi:type="con:RestService" id="124d77ed-ccf1-4771-b8d6-8a50e9b770bf" wadlVersion="http://wadl.dev.java.net/2009/02" name="https://localhost:44387" type="rest" xmlns:xsi="http://www.w3.org/2001/XMLSchema-instance"><con:settings/><con:definitionCache/><con:endpoints><con:endpoint>https://localhost:44387</con:endpoint></con:endpoints><con:resource name="GetExchangeRate" path="/api/ExchangeRate/GetExchangeRate" id="0e72bfc7-3270-4531-8ef8-1f382c37d131"><con:settings/><con:parameters/><con:method name="GetExchangeRate 1" id="adacf4e1-ffb2-4ad5-a550-c1b9e2cc8747" method="POST"><con:settings/><con:parameters/><con:representation type="FAULT"><con:mediaType>text/plain; charset=utf-8</con:mediaType><con:status>500</con:status><con:params/><con:element>data</con:element></con:representation><con:representation type="REQUEST"><con:mediaType>application/json</con:mediaType><con:params/></con:representation><con:representation type="RESPONSE"><con:mediaType xsi:nil="true"/><con:status>0</con:status><con:params/><con:element>data</con:element></con:representation><con:representation type="RESPONSE"><con:mediaType xsi:nil="true"/><con:status>0</con:status><con:params/><con:element>data</con:element></con:representation><con:representation type="RESPONSE"><con:mediaType>application/json; charset=utf-8</con:mediaType><con:status>200</con:status><con:params/><con:element xmlns:get="https://localhost/api/ExchangeRate/GetExchangeRate">get:Response</con:element></con:representation><con:representation type="RESPONSE"><con:mediaType xsi:nil="true"/><con:status>0</con:status><con:params/><con:element>data</con:element></con:representation><con:representation type="RESPONSE"><con:mediaType xsi:nil="true"/><con:status>0</con:status><con:params/><con:element>data</con:element></con:representation><con:request name="Request 1" id="43233b85-d893-401c-b1d8-e6f760475e65" mediaType="application/json" postQueryString="false"><con:settings><con:setting id="com.eviware.soapui.impl.wsdl.WsdlRequest@request-headers">&lt;xml-fragment/></con:setting></con:settings><con:endpoint>https://localhost:44387</con:endpoint><con:request>{
	"Currency":"USD"
	}</con:request><con:originalUri>https://localhost/api/ExchangeRate/GetExchangeRate</con:originalUri><con:credentials><con:authType>No Authorization</con:authType></con:credentials><con:jmsConfig JMSDeliveryMode="PERSISTENT"/><con:jmsPropertyConfig/><con:parameters/></con:request></con:method></con:resource><con:resource name="CurrencyPurchase" path="/api/ExchangeRate/CurrencyPurchase" id="be56212c-5bb7-46c5-9c8c-832567ff65c7"><con:settings/><con:parameters/><con:method name="CurrencyPurchase" id="bfb137b1-5511-4c1d-9151-da1fa64844bd" method="POST"><con:settings/><con:parameters/><con:representation type="REQUEST"><con:mediaType>application/json</con:mediaType><con:params/></con:representation><con:representation type="FAULT"><con:mediaType>text/plain; charset=utf-8</con:mediaType><con:status>500</con:status><con:params/><con:element>data</con:element></con:representation><con:representation type="RESPONSE"><con:mediaType xsi:nil="true"/><con:status>0</con:status><con:params/><con:element>data</con:element></con:representation><con:representation type="RESPONSE"><con:mediaType xsi:nil="true"/><con:status>0</con:status><con:params/><con:element>data</con:element></con:representation><con:representation type="RESPONSE"><con:mediaType xsi:nil="true"/><con:status>0</con:status><con:params/><con:element>data</con:element></con:representation><con:representation type="RESPONSE"><con:mediaType xsi:nil="true"/><con:status>0</con:status><con:params/><con:element>data</con:element></con:representation><con:representation type="RESPONSE"><con:mediaType>application/json; charset=utf-8</con:mediaType><con:status>200</con:status><con:params/><con:element xmlns:get="https://localhost/api/ExchangeRate/GetExchangeRate">get:Response</con:element></con:representation><con:representation type="RESPONSE"><con:mediaType xsi:nil="true"/><con:status>0</con:status><con:params/><con:element>data</con:element></con:representation><con:representation type="RESPONSE"><con:mediaType xsi:nil="true"/><con:status>0</con:status><con:params/><con:element>data</con:element></con:representation><con:request name="Request 1" id="61ffaff6-20da-4c16-8486-06b9e74c51a7" mediaType="application/json" postQueryString="false"><con:settings><con:setting id="com.eviware.soapui.impl.wsdl.WsdlRequest@request-headers">&lt;xml-fragment/></con:setting></con:settings><con:endpoint>https://localhost:44387</con:endpoint><con:request>{
	"User_Id":"DAN",
	"Amount":1000,
	"Currency_Code":"BRL"
	
	}</con:request><con:originalUri>https://localhost/api/ExchangeRate/GetExchangeRate</con:originalUri><con:credentials><con:authType>No Authorization</con:authType></con:credentials><con:jmsConfig JMSDeliveryMode="PERSISTENT"/><con:jmsPropertyConfig/><con:parameters/></con:request></con:method></con:resource></con:interface><con:properties/><con:wssContainer/><con:oAuth2ProfileContainer/><con:oAuth1ProfileContainer/></con:soapui-project>